<?xml version="1.0"?>

<TRM>
<teamRecord>
	<team>Alabama</team>
	<numWins>11</numWins>
	<numLosses>1</numLosses>
	<pageRank>50.325</pageRank>
	<bcsRank>2</bcsRank>
	<iconURL>http://a.espncdn.com/i/teamlogos/ncaa/sml/trans/333.gif</iconURL>
	<winCollection>Tennessee, Mississippi State, Louisiana State, Florida, 
Georgia Southern, Vanderbilt, Penn State, North Texas, 
Ole Miss, Auburn, Arkansas</winCollection>
	<lossCollection>Louisiana State</lossCollection>
</teamRecord>


<teamRecord>
	<team>Louisiana State</team>
	<numWins>12</numWins>
	<numLosses>1</numLosses>
	<pageRank>49.394</pageRank>
	<bcsRank>1</bcsRank>
	<iconURL>http://a.espncdn.com/i/teamlogos/ncaa/sml/trans/99.gif</iconURL>
	<winCollection>Tennessee, Mississippi State, Western Kentucky, West Virginia, 
Kentucky, Northwestern State, Florida, Georgia, 
Alabama, Ole Miss, Auburn, Arkansas
</winCollection>
	<lossCollection>Alabama</lossCollection>
</teamRecord>


<teamRecord>
	<team>Texas Christian</team>
	<numWins>11</numWins>
	<numLosses>1</numLosses>
	<pageRank>46.786</pageRank>
	<bcsRank>18</bcsRank>
	<iconURL>http://a.espncdn.com/i/teamlogos/ncaa/sml/trans/2628.gif</iconURL>
	<winCollection>Brigham Young, Wyoming, Louisiana Tech, Boise State, 
New Mexico, Louisiana-Monroe, San Diego State, Air Force, 
UNLV, Portland State, Colorado State</winCollection>
	<lossCollection>Southern Methodist</lossCollection>
</teamRecord>


<teamRecord>
	<team>Oklahoma State</team>
	<numWins>11</numWins>
	<numLosses>1</numLosses>
	<pageRank>41.842</pageRank>
	<bcsRank>3</bcsRank>
	<iconURL>http://a.espncdn.com/i/teamlogos/ncaa/sml/trans/197.gif</iconURL>
	<winCollection>Missouri, Stanford, Kansas, Texas, 
Kansas State, Texas Tech, Oklahoma, Arizona, 
Baylor, Texas A&amp;M, Tulsa</winCollection>
	<lossCollection>Iowa State</lossCollection>
</teamRecord>


<teamRecord>
	<team>Clemson</team>
	<numWins>9</numWins>
	<numLosses>4</numLosses>
	<pageRank>41.817</pageRank>
	<bcsRank>15</bcsRank>
	<iconURL>http://a.espncdn.com/i/teamlogos/ncaa/sml/trans/228.gif</iconURL>
	<winCollection>North Carolina, Wake Forest, Maryland, Wofford, 
Boston College, Florida State, Virginia Tech, Auburn
</winCollection>
	<lossCollection>South Carolina, West Virginia, North Carolina State, Georgia Tech
</lossCollection>
</teamRecord>


<teamRecord>
	<team>Iowa State</team>
	<numWins>6</numWins>
	<numLosses>7</numLosses>
	<pageRank>41.423</pageRank>
	<bcsRank>0</bcsRank>
	<iconURL>http://a.espncdn.com/i/teamlogos/ncaa/sml/trans/66.gif</iconURL>
	<winCollection>Iowa, Texas Tech, Kansas, Oklahoma State, 
Northern Iowa, Connecticut</winCollection>
	<lossCollection>Missouri, Rutgers, Kansas State, Texas, 
Oklahoma, Baylor, Texas A&amp;M</lossCollection>
</teamRecord>


<teamRecord>
	<team>Wisconsin</team>
	<numWins>11</numWins>
	<numLosses>3</numLosses>
	<pageRank>41.215</pageRank>
	<bcsRank>10</bcsRank>
	<iconURL>http://a.espncdn.com/i/teamlogos/ncaa/sml/trans/275.gif</iconURL>
	<winCollection>Oregon State, Illinois, Minnesota, Nebraska, 
Northern Illinois, Indiana, Michigan State, Purdue, 
Nevada-Las Vegas, South Dakota, Penn State</winCollection>
	<lossCollection>Oregon, Michigan State, Ohio State</lossCollection>
</teamRecord>


<teamRecord>
	<team>West Virginia</team>
	<numWins>9</numWins>
	<numLosses>3</numLosses>
	<pageRank>41.208</pageRank>
	<bcsRank>23</bcsRank>
	<iconURL>http://a.espncdn.com/i/teamlogos/ncaa/sml/trans/277.gif</iconURL>
	<winCollection>Bowling Green State, Rutgers, Maryland, Clemson, 
Pittsburgh, Norfolk State, Cincinnati, Connecticut, 
South Florida</winCollection>
	<lossCollection>Louisiana State, Louisville, Syracuse</lossCollection>
</teamRecord>


<teamRecord>
	<team>Michigan State</team>
	<numWins>11</numWins>
	<numLosses>3</numLosses>
	<pageRank>41.047</pageRank>
	<bcsRank>17</bcsRank>
	<iconURL>http://a.espncdn.com/i/teamlogos/ncaa/sml/trans/127.gif</iconURL>
	<winCollection>Northwestern, Iowa, Michigan, Minnesota, 
Youngstown State, Florida Atlantic, Indiana, Ohio State, 
Georgia, Central Michigan, Wisconsin</winCollection>
	<lossCollection>Nebraska, Notre Dame, Wisconsin</lossCollection>
</teamRecord>


<teamRecord>
	<team>Houston</team>
	<numWins>12</numWins>
	<numLosses>1</numLosses>
	<pageRank>40.859</pageRank>
	<bcsRank>19</bcsRank>
	<iconURL>http://a.espncdn.com/i/teamlogos/ncaa/sml/trans/248.gif</iconURL>
	<winCollection>Texas-El Paso, Louisiana Tech, Southern Methodist, East Carolina, 
UAB, Tulane, North Texas, Penn State, 
Georgia State, Rice, Marshall, Tulsa
</winCollection>
	<lossCollection>Southern Mississippiissippi</lossCollection>
</teamRecord>


<teamRecord>
	<team>Virginia Tech</team>
	<numWins>11</numWins>
	<numLosses>3</numLosses>
	<pageRank>40.557</pageRank>
	<bcsRank>11</bcsRank>
	<iconURL>http://a.espncdn.com/i/teamlogos/ncaa/sml/trans/259.gif</iconURL>
	<winCollection>Miami (Florida), Duke, Appalachian State, Wake Forest, 
North Carolina, East Carolina, Virginia, Boston College, 
Arkansas State, Georgia Tech, Marshall</winCollection>
	<lossCollection>Michigan, Clemson</lossCollection>
</teamRecord>


<teamRecord>
	<team>Toledo</team>
	<numWins>9</numWins>
	<numLosses>4</numLosses>
	<pageRank>40.130</pageRank>
	<bcsRank>0</bcsRank>
	<iconURL>http://a.espncdn.com/i/teamlogos/ncaa/sml/trans/2649.gif</iconURL>
	<winCollection>Temple, Bowling Green State, New Hampshire, Ball State, 
Western Michigan, Eastern Michigan, Miami (Ohio), Air Force, 
Central Michigan</winCollection>
	<lossCollection>Boise State, Northern Illinois, Ohio State, Syracuse
</lossCollection>
</teamRecord>


<teamRecord>
	<team>Southern California</team>
	<numWins>9</numWins>
	<numLosses>2</numLosses>
	<pageRank>40.076</pageRank>
	<bcsRank>0</bcsRank>
	<iconURL>http://a.espncdn.com/i/teamlogos/ncaa/sml/trans/30.gif</iconURL>
	<winCollection>UCLA, Oregon, Arizona, Washington, 
California, Utah, Notre Dame, Syracuse, 
Colorado</winCollection>
	<lossCollection>Arizona State, Stanford</lossCollection>
</teamRecord>


<teamRecord>
	<team>Georgia</team>
	<numWins>10</numWins>
	<numLosses>3</numLosses>
	<pageRank>40.047</pageRank>
	<bcsRank>16</bcsRank>
	<iconURL>http://a.espncdn.com/i/teamlogos/ncaa/sml/trans/61.gif</iconURL>
	<winCollection>Tennessee, Mississippi State, Coastal Carolina, Kentucky, 
Florida, Vanderbilt, Georgia Tech, New Mexico State, 
Ole Miss, Auburn</winCollection>
	<lossCollection>South Carolina, Louisiana State, Michigan State</lossCollection>
</teamRecord>


<teamRecord>
	<team>Southern Methodist</team>
	<numWins>8</numWins>
	<numLosses>4</numLosses>
	<pageRank>39.825</pageRank>
	<bcsRank>0</bcsRank>
	<iconURL>http://a.espncdn.com/i/teamlogos/ncaa/sml/trans/2567.gif</iconURL>
	<winCollection>Texas-El Paso, Central Florida, Texas Christian, Northwestern State, 
Pittsburgh, Memphis, Tulane, Rice
</winCollection>
	<lossCollection>Houston, Navy, Southern Mississippi, Tulsa
</lossCollection>
</teamRecord>


<teamRecord>
	<team>Penn State</team>
	<numWins>9</numWins>
	<numLosses>4</numLosses>
	<pageRank>39.366</pageRank>
	<bcsRank>22</bcsRank>
	<iconURL>http://a.espncdn.com/i/teamlogos/ncaa/sml/trans/213.gif</iconURL>
	<winCollection>Northwestern, Temple, Iowa, Indiana State, 
Illinois, Indiana, Eastern Michigan, Purdue, 
Ohio State</winCollection>
	<lossCollection>Houston, Nebraska, Alabama, Wisconsin
</lossCollection>
</teamRecord>


<teamRecord>
	<team>Northern Illinois</team>
	<numWins>10</numWins>
	<numLosses>3</numLosses>
	<pageRank>39.363</pageRank>
	<bcsRank>0</bcsRank>
	<iconURL>http://a.espncdn.com/i/teamlogos/ncaa/sml/trans/2459.gif</iconURL>
	<winCollection>Bowling Green State, Ball State, Western Michigan, Eastern Michigan, 
Toledo, Arkansas State, Ohio, Kent, 
Buffalo, Cal Poly</winCollection>
	<lossCollection>Kansas, Wisconsin, Central Michigan</lossCollection>
</teamRecord>


<teamRecord>
	<team>Oregon</team>
	<numWins>12</numWins>
	<numLosses>1</numLosses>
	<pageRank>39.279</pageRank>
	<bcsRank>5</bcsRank>
	<iconURL>http://a.espncdn.com/i/teamlogos/ncaa/sml/trans/2483.gif</iconURL>
	<winCollection>Arizona State, Oregon State, UCLA, Stanford, 
Washington State, Nevada, Arizona, Washington, 
California, Missouri State, Wisconsin, Colorado
</winCollection>
	<lossCollection>Southern California</lossCollection>
</teamRecord>


<teamRecord>
	<team>Iowa</team>
	<numWins>7</numWins>
	<numLosses>6</numLosses>
	<pageRank>39.115</pageRank>
	<bcsRank>0</bcsRank>
	<iconURL>http://a.espncdn.com/i/teamlogos/ncaa/sml/trans/2294.gif</iconURL>
	<winCollection>Northwestern, Michigan, Louisiana-Monroe, Indiana, 
Pittsburgh, Purdue, Tennessee Tech</winCollection>
	<lossCollection>Minnesota, Nebraska, Iowa State, Oklahoma, 
Michigan State, Penn State</lossCollection>
</teamRecord>


<teamRecord>
	<team>Utah</team>
	<numWins>8</numWins>
	<numLosses>5</numLosses>
	<pageRank>38.873</pageRank>
	<bcsRank>0</bcsRank>
	<iconURL>http://a.espncdn.com/i/teamlogos/ncaa/sml/trans/254.gif</iconURL>
	<winCollection>Brigham Young, Oregon State, UCLA, Washington State, 
Montana State, Pittsburgh, Arizona, Georgia Tech
</winCollection>
	<lossCollection>Arizona State, Southern California, Washington, California, 
Colorado</lossCollection>
</teamRecord>


<teamRecord>
	<team>Arkansas</team>
	<numWins>11</numWins>
	<numLosses>2</numLosses>
	<pageRank>38.810</pageRank>
	<bcsRank>6</bcsRank>
	<iconURL>http://a.espncdn.com/i/teamlogos/ncaa/sml/trans/8.gif</iconURL>
	<winCollection>Mississippi State, Tennessee, South Carolina, Kansas State, 
New Mexico, Troy, Vanderbilt, Texas A&amp;M, 
Missouri State, Ole Miss, Auburn</winCollection>
	<lossCollection>Louisiana State, Alabama</lossCollection>
</teamRecord>


<teamRecord>
	<team>South Carolina</team>
	<numWins>10</numWins>
	<numLosses>2</numLosses>
	<pageRank>38.652</pageRank>
	<bcsRank>9</bcsRank>
	<iconURL>http://a.espncdn.com/i/teamlogos/ncaa/sml/trans/2579.gif</iconURL>
	<winCollection>Mississippi State, Tennessee, Citadel, Nebraska, 
Kentucky, Navy, Clemson, Florida, 
Vanderbilt, Georgia</winCollection>
	<lossCollection>Arkansas, Auburn</lossCollection>
</teamRecord>


<teamRecord>
	<team>North Carolina</team>
	<numWins>7</numWins>
	<numLosses>6</numLosses>
	<pageRank>38.160</pageRank>
	<bcsRank>0</bcsRank>
	<iconURL>http://a.espncdn.com/i/teamlogos/ncaa/sml/trans/153.gif</iconURL>
	<winCollection>Rutgers, Duke, East Carolina, Wake Forest, 
Virginia, Louisville, James Madison</winCollection>
	<lossCollection>Miami (Florida), Missouri, North Carolina State, Clemson, 
Virginia Tech, Georgia Tech</lossCollection>
</teamRecord>


<teamRecord>
	<team>Michigan</team>
	<numWins>10</numWins>
	<numLosses>2</numLosses>
	<pageRank>37.746</pageRank>
	<bcsRank>13</bcsRank>
	<iconURL>http://a.espncdn.com/i/teamlogos/ncaa/sml/trans/130.gif</iconURL>
	<winCollection>Northwestern, Illinois, Minnesota, Nebraska, 
San Diego State, Eastern Michigan, Virginia Tech, Purdue, 
Ohio State, Notre Dame</winCollection>
	<lossCollection>Iowa, Michigan State</lossCollection>
</teamRecord>


<teamRecord>
	<team>Kansas State</team>
	<numWins>10</numWins>
	<numLosses>3</numLosses>
	<pageRank>37.598</pageRank>
	<bcsRank>8</bcsRank>
	<iconURL>http://a.espncdn.com/i/teamlogos/ncaa/sml/trans/2306.gif</iconURL>
	<winCollection>Miami (Florida), Missouri, Texas Tech, Kansas, 
Eastern Kentucky, Texas, Iowa State, Baylor, 
Kent, Texas A&amp;M</winCollection>
	<lossCollection>Oklahoma State, Oklahoma, Arkansas</lossCollection>
</teamRecord>


<teamRecord>
	<team>North Carolina State</team>
	<numWins>8</numWins>
	<numLosses>5</numLosses>
	<pageRank>37.430</pageRank>
	<bcsRank>0</bcsRank>
	<iconURL>http://a.espncdn.com/i/teamlogos/ncaa/sml/trans/152.gif</iconURL>
	<winCollection>Liberty, North Carolina, Virginia, Maryland, 
Clemson, South Alabama, Louisville, Central Michigan
</winCollection>
	<lossCollection>Wake Forest, Boston College, Florida State, Georgia Tech, 
Cincinnati</lossCollection>
</teamRecord>


<teamRecord>
	<team>Nebraska</team>
	<numWins>9</numWins>
	<numLosses>4</numLosses>
	<pageRank>37.430</pageRank>
	<bcsRank>20</bcsRank>
	<iconURL>http://a.espncdn.com/i/teamlogos/ncaa/sml/trans/158.gif</iconURL>
	<winCollection>Fresno State, Wyoming, Iowa, Minnesota, 
Chattanooga, Michigan State, Ohio State, Washington, 
Penn State</winCollection>
	<lossCollection>Northwestern, South Carolina, Michigan, Wisconsin
</lossCollection>
</teamRecord>


<teamRecord>
	<team>Marshall</team>
	<numWins>7</numWins>
	<numLosses>5</numLosses>
	<pageRank>37.202</pageRank>
	<bcsRank>0</bcsRank>
	<iconURL>http://a.espncdn.com/i/teamlogos/ncaa/sml/trans/276.gif</iconURL>
	<winCollection>Florida International, East Carolina, Louisville, Alabama-Birmingham, 
Memphis, Southern Mississippi, Rice</winCollection>
	<lossCollection>Houston, Central Florida, Virginia Tech, Ohio, 
Tulsa</lossCollection>
</teamRecord>


<teamRecord>
	<team>Boise State</team>
	<numWins>11</numWins>
	<numLosses>1</numLosses>
	<pageRank>37.195</pageRank>
	<bcsRank>7</bcsRank>
	<iconURL>http://a.espncdn.com/i/teamlogos/ncaa/sml/trans/68.gif</iconURL>
	<winCollection>Wyoming, Fresno State, Arizona State, New Mexico, 
San Diego State, Nevada, Air Force, UNLV, 
Toledo, Colorado State, Tulsa</winCollection>
	<lossCollection>Texas Christian</lossCollection>
</teamRecord>


<teamRecord>
	<team>Stanford</team>
	<numWins>10</numWins>
	<numLosses>2</numLosses>
	<pageRank>36.868</pageRank>
	<bcsRank>4</bcsRank>
	<iconURL>http://a.espncdn.com/i/teamlogos/ncaa/sml/trans/24.gif</iconURL>
	<winCollection>Oregon State, UCLA, Duke, Washington State, 
Arizona, Southern California, Washington, California, 
Notre Dame, Colorado</winCollection>
	<lossCollection>Oregon, Oklahoma State</lossCollection>
</teamRecord>


<teamRecord>
	<team>Oklahoma</team>
	<numWins>9</numWins>
	<numLosses>3</numLosses>
	<pageRank>36.752</pageRank>
	<bcsRank>14</bcsRank>
	<iconURL>http://a.espncdn.com/i/teamlogos/ncaa/sml/trans/201.gif</iconURL>
	<winCollection>Missouri, Iowa, Kansas, Texas, 
Kansas State, Ball State, Iowa State, Florida State, 
Texas A&amp;M</winCollection>
	<lossCollection>Texas Tech, Oklahoma State, Baylor</lossCollection>
</teamRecord>


<teamRecord>
	<team>Rutgers</team>
	<numWins>9</numWins>
	<numLosses>4</numLosses>
	<pageRank>36.571</pageRank>
	<bcsRank>0</bcsRank>
	<iconURL>http://a.espncdn.com/i/teamlogos/ncaa/sml/trans/164.gif</iconURL>
	<winCollection>Army, North Carolina Central, Iowa State, Navy, 
Pittsburgh, Cincinnati, Ohio, South Florida, 
Syracuse</winCollection>
	<lossCollection>West Virginia, North Carolina, Lousville, Connecticut
</lossCollection>
</teamRecord>


<teamRecord>
	<team>Cincinnati</team>
	<numWins>10</numWins>
	<numLosses>3</numLosses>
	<pageRank>36.548</pageRank>
	<bcsRank>0</bcsRank>
	<iconURL>http://a.espncdn.com/i/teamlogos/ncaa/sml/trans/2132.gif</iconURL>
	<winCollection>North Carolina State, Pittsburgh, Miami (Ohio), Austin Peay, 
Louisville, Vanderbilt, South Florida, Connecticut, 
Akron, Syracuse</winCollection>
	<lossCollection>Tennessee, Rutgers, West Virginia</lossCollection>
</teamRecord>


<teamRecord>
	<team>Baylor</team>
	<numWins>9</numWins>
	<numLosses>3</numLosses>
	<pageRank>36.228</pageRank>
	<bcsRank>12</bcsRank>
	<iconURL>http://a.espncdn.com/i/teamlogos/ncaa/sml/trans/239.gif</iconURL>
	<winCollection>Missouri, Kansas, Texas Tech, Texas, 
Iowa State, Oklahoma, Stephen F. Austin, Washington, 
Rice</winCollection>
	<lossCollection>Kansas State, Oklahoma State, Texas A&amp;M</lossCollection>
</teamRecord>


<teamRecord>
	<team>Wyoming</team>
	<numWins>8</numWins>
	<numLosses>5</numLosses>
	<pageRank>36.016</pageRank>
	<bcsRank>0</bcsRank>
	<iconURL>http://a.espncdn.com/i/teamlogos/ncaa/sml/trans/2751.gif</iconURL>
	<winCollection>Weber State, Bowling Green State, New Mexico, San Diego State, 
Air Force, Nevada-Las Vegas, Texas State, Colorado State
</winCollection>
	<lossCollection>Temple, Boise State, Texas Christian, Nebraska, 
Utah State</lossCollection>
</teamRecord>


<teamRecord>
	<team>Arkansas State</team>
	<numWins>10</numWins>
	<numLosses>2</numLosses>
	<pageRank>36.010</pageRank>
	<bcsRank>0</bcsRank>
	<iconURL>http://a.espncdn.com/i/teamlogos/ncaa/sml/trans/2032.gif</iconURL>
	<winCollection>Middle Tennessee State, Western Kentucky, Central Arkansas, Louisiana-Lafayette, 
Florida International, Florida Atlantic, Louisiana-Monroe, Troy, 
Memphis, North Texas</winCollection>
	<lossCollection>Northern Illinois, Virginia Tech</lossCollection>
</teamRecord>


<teamRecord>
	<team>Ohio</team>
	<numWins>9</numWins>
	<numLosses>4</numLosses>
	<pageRank>35.836</pageRank>
	<bcsRank>0</bcsRank>
	<iconURL>http://a.espncdn.com/i/teamlogos/ncaa/sml/trans/195.gif</iconURL>
	<winCollection>Temple, Bowling Green State, Utah State, Miami (Ohio), 
Kent, Gardner-Webb, Akron, Marshall, 
Central Michigan</winCollection>
	<lossCollection>Rutgers, Northern Illinois, Ball State, Buffalo
</lossCollection>
</teamRecord>


<teamRecord>
	<team>Pittsburgh</team>
	<numWins>5</numWins>
	<numLosses>7</numLosses>
	<pageRank>35.818</pageRank>
	<bcsRank>0</bcsRank>
	<iconURL>http://a.espncdn.com/i/teamlogos/ncaa/sml/trans/221.gif</iconURL>
	<winCollection>Louisville, Maine, South Florida, Connecticut, 
Syracuse</winCollection>
	<lossCollection>Iowa, Rutgers, Southern Methodist, West Virginia, 
Cincinnati, Utah, Notre Dame</lossCollection>
</teamRecord>


<teamRecord>
	<team>Auburn</team>
	<numWins>7</numWins>
	<numLosses>5</numLosses>
	<pageRank>35.814</pageRank>
	<bcsRank>25</bcsRank>
	<iconURL>http://a.espncdn.com/i/teamlogos/ncaa/sml/trans/2.gif</iconURL>
	<winCollection>Mississippi State, South Carolina, Samford, Florida Atlantic, 
Virginia, Florida, Ole Miss</winCollection>
	<lossCollection>Louisiana State, Clemson, Alabama, Georgia, 
Arkansas</lossCollection>
</teamRecord>


<teamRecord>
	<team>Bowling Green State</team>
	<numWins>5</numWins>
	<numLosses>7</numLosses>
	<pageRank>35.600</pageRank>
	<bcsRank>0</bcsRank>
	<iconURL>http://a.espncdn.com/i/teamlogos/ncaa/sml/trans/189.gif</iconURL>
	<winCollection>Temple, Miami, Idaho, Buffalo, 
Morgan State</winCollection>
	<lossCollection>Wyoming, West Virginia, Northern Illinois, Western Michigan, 
Toledo, Ohio, Kent</lossCollection>
</teamRecord>


<teamRecord>
	<team>Eastern Michigan</team>
	<numWins>5</numWins>
	<numLosses>6</numLosses>
	<pageRank>35.477</pageRank>
	<bcsRank>0</bcsRank>
	<iconURL>http://a.espncdn.com/i/teamlogos/ncaa/sml/trans/2199.gif</iconURL>
	<winCollection>Alabama State, Western Michigan, Buffalo, Akron, 
Central Michigan</winCollection>
	<lossCollection>Michigan, Northern Illinois, Ball State, Toledo, 
Kent, Penn State</lossCollection>
</teamRecord>


<teamRecord>
	<team>Arizona State</team>
	<numWins>6</numWins>
	<numLosses>7</numLosses>
	<pageRank>35.425</pageRank>
	<bcsRank>0</bcsRank>
	<iconURL>http://a.espncdn.com/i/teamlogos/ncaa/sml/trans/9.gif</iconURL>
	<winCollection>Missouri, Oregon State, Southern California, UC Davis, 
Utah, Colorado</winCollection>
	<lossCollection>UCLA, Illinois, Boise State, Oregon, 
Washington State, Arizona, California</lossCollection>
</teamRecord>


<teamRecord>
	<team>Virginia</team>
	<numWins>8</numWins>
	<numLosses>5</numLosses>
	<pageRank>35.318</pageRank>
	<bcsRank>0</bcsRank>
	<iconURL>http://a.espncdn.com/i/teamlogos/ncaa/sml/trans/258.gif</iconURL>
	<winCollection>Miami (Florida), Idaho, Duke, Indiana, 
Maryland, Florida State, William &amp; Mary, Georgia Tech
</winCollection>
	<lossCollection>North Carolina, North Carolina State, Virginia Tech, Southern Mississippi, 
Auburn</lossCollection>
</teamRecord>


<teamRecord>
	<team>Southern Mississippi</team>
	<numWins>9</numWins>
	<numLosses>1</numLosses>
	<pageRank>35.116</pageRank>
	<bcsRank>21</bcsRank>
	<iconURL>http://a.espncdn.com/i/teamlogos/ncaa/sml/trans/2572.gif</iconURL>
	<winCollection>Texas-El Paso, Central Florida, Southern Methodist, Southeastern Louisiana, 
East Carolina, Virginia, Navy, Memphis, 
Rice</winCollection>
	<lossCollection>Marshall</lossCollection>
</teamRecord>


<teamRecord>
	<team>Georgia Tech</team>
	<numWins>8</numWins>
	<numLosses>5</numLosses>
	<pageRank>34.765</pageRank>
	<bcsRank>0</bcsRank>
	<iconURL>http://a.espncdn.com/i/teamlogos/ncaa/sml/trans/59.gif</iconURL>
	<winCollection>Middle Tennessee State, Western Carolina, Duke, Kansas, 
North Carolina, Maryland, North Carolina State, Clemson
</winCollection>
	<lossCollection>Miami (Florida), Virginia, Virginia Tech, Utah, 
Georgia</lossCollection>
</teamRecord>


<teamRecord>
	<team>Brigham Young</team>
	<numWins>9</numWins>
	<numLosses>3</numLosses>
	<pageRank>34.696</pageRank>
	<bcsRank>0</bcsRank>
	<iconURL>http://a.espncdn.com/i/teamlogos/ncaa/sml/trans/252.gif</iconURL>
	<winCollection>Central Florida, Idaho State, Idaho, Oregon State, 
Utah State, Hawaii, New Mexico State, San Jose State, 
Tulsa</winCollection>
	<lossCollection>Texas Christian, Texas, Utah</lossCollection>
</teamRecord>


<teamRecord>
	<team>Kansas</team>
	<numWins>2</numWins>
	<numLosses>10</numLosses>
	<pageRank>34.692</pageRank>
	<bcsRank>0</bcsRank>
	<iconURL>http://a.espncdn.com/i/teamlogos/ncaa/sml/trans/2305.gif</iconURL>
	<winCollection>Northern Illinois, McNeese State</winCollection>
	<lossCollection>Missouri, Kansas State, Texas, Texas Tech, 
Oklahoma State, Iowa State, Oklahoma, Baylor, 
Georgia Tech, Texas A&amp;M</lossCollection>
</teamRecord>


<teamRecord>
	<team>Notre Dame</team>
	<numWins>8</numWins>
	<numLosses>4</numLosses>
	<pageRank>34.679</pageRank>
	<bcsRank>0</bcsRank>
	<iconURL>http://a.espncdn.com/i/teamlogos/ncaa/sml/trans/87.gif</iconURL>
	<winCollection>Wake Forest, Maryland, Michigan State, Navy, 
Pittsburgh, Air Force, Boston College, Purdue
</winCollection>
	<lossCollection>Michigan, Stanford, Florida State, Southern California
</lossCollection>
</teamRecord>


<teamRecord>
	<team>Air Force</team>
	<numWins>7</numWins>
	<numLosses>6</numLosses>
	<pageRank>34.461</pageRank>
	<bcsRank>0</bcsRank>
	<iconURL>http://a.espncdn.com/i/teamlogos/ncaa/sml/trans/2005.gif</iconURL>
	<winCollection>Army, New Mexico, Navy, Tennessee State, 
UNLV, South Dakota, Colorado State</winCollection>
	<lossCollection>Wyoming, Boise State, Texas Christian, San Diego State, 
Toledo, Notre Dame</lossCollection>
</teamRecord>


<teamRecord>
	<team>Florida State</team>
	<numWins>8</numWins>
	<numLosses>4</numLosses>
	<pageRank>34.328</pageRank>
	<bcsRank>0</bcsRank>
	<iconURL>http://a.espncdn.com/i/teamlogos/ncaa/sml/trans/52.gif</iconURL>
	<winCollection>Miami (Florida), Duke, Maryland, North Carolina State, 
Florida, Charleston Southern, Boston College, Notre Dame
</winCollection>
	<lossCollection>Wake Forest, Oklahoma, Virginia, Clemson
</lossCollection>
</teamRecord>


<teamRecord>
	<team>Temple</team>
	<numWins>9</numWins>
	<numLosses>4</numLosses>
	<pageRank>34.166</pageRank>
	<bcsRank>0</bcsRank>
	<iconURL>http://a.espncdn.com/i/teamlogos/ncaa/sml/trans/218.gif</iconURL>
	<winCollection>Wyoming, Army, Ball State, Maryland, 
Villanova, Miami (Ohio), Buffalo, Kent, 
Akron</winCollection>
	<lossCollection>Bowling Green State, Toledo, Ohio, Penn State
</lossCollection>
</teamRecord>


<teamRecord>
	<team>Missouri</team>
	<numWins>7</numWins>
	<numLosses>5</numLosses>
	<pageRank>34.080</pageRank>
	<bcsRank>0</bcsRank>
	<iconURL>http://a.espncdn.com/i/teamlogos/ncaa/sml/trans/142.gif</iconURL>
	<winCollection>Texas Tech, Kansas, Texas, Iowa State, 
North Carolina, Western Illinois, Texas A&amp;M</winCollection>
	<lossCollection>Arizona State, Kansas State, Oklahoma State, Oklahoma, 
Baylor</lossCollection>
</teamRecord>


<teamRecord>
	<team>Navy</team>
	<numWins>5</numWins>
	<numLosses>7</numLosses>
	<pageRank>34.047</pageRank>
	<bcsRank>0</bcsRank>
	<iconURL>http://a.espncdn.com/i/teamlogos/ncaa/sml/trans/2426.gif</iconURL>
	<winCollection>Delaware, Western Kentucky, Southern Methodist, Army, 
Troy</winCollection>
	<lossCollection>South Carolina, Rutgers, East Carolina, Air Force, 
Southern Mississippi, San Jose State, Notre Dame</lossCollection>
</teamRecord>


<teamRecord>
	<team>Tulsa</team>
	<numWins>8</numWins>
	<numLosses>4</numLosses>
	<pageRank>33.923</pageRank>
	<bcsRank>0</bcsRank>
	<iconURL>http://a.espncdn.com/i/teamlogos/ncaa/sml/trans/202.gif</iconURL>
	<winCollection>Texas-El Paso, Central Florida, Southern Methodist, Alabama-Birmingham, 
North Texas, Tulane, Rice, Marshall
</winCollection>
	<lossCollection>Brigham Young, Houston, Boise State, Oklahoma State
</lossCollection>
</teamRecord>


<teamRecord>
	<team>Louisiana Tech</team>
	<numWins>8</numWins>
	<numLosses>4</numLosses>
	<pageRank>33.919</pageRank>
	<bcsRank>0</bcsRank>
	<iconURL>http://a.espncdn.com/i/teamlogos/ncaa/sml/trans/2348.gif</iconURL>
	<winCollection>Fresno State, Idaho, Central Arkansas, Utah State, 
Nevada, New Mexico State, San Jose State, Ole Miss
</winCollection>
	<lossCollection>Houston, Mississippi State, Texas Christian, Hawaii
</lossCollection>
</teamRecord>


<teamRecord>
	<team>Louisville</team>
	<numWins>6</numWins>
	<numLosses>6</numLosses>
	<pageRank>33.900</pageRank>
	<bcsRank>0</bcsRank>
	<iconURL>http://a.espncdn.com/i/teamlogos/ncaa/sml/trans/97.gif</iconURL>
	<winCollection>Murray State, West Virginia, Kentucky, Connecticut, 
South Florida, Syracuse</winCollection>
	<lossCollection>FLorida International, North Carolina, North Carolina State, Pittsburgh, 
Cincinnati, Marshall</lossCollection>
</teamRecord>


<teamRecord>
	<team>Alabama-Birmingham</team>
	<numWins>3</numWins>
	<numLosses>7</numLosses>
	<pageRank>33.859</pageRank>
	<bcsRank>0</bcsRank>
	<iconURL>http://a.espncdn.com/i/teamlogos/ncaa/sml/trans/5.gif</iconURL>
	<winCollection>Central Florida, Memphis, Southern Mississippiissippi</winCollection>
	<lossCollection>Mississippi State, East Carolina, Troy, Florida, 
Tulane, Marshall, Tulsa</lossCollection>
</teamRecord>


<teamRecord>
	<team>Texas</team>
	<numWins>7</numWins>
	<numLosses>5</numLosses>
	<pageRank>33.733</pageRank>
	<bcsRank>24</bcsRank>
	<iconURL>http://a.espncdn.com/i/teamlogos/ncaa/sml/trans/251.gif</iconURL>
	<winCollection>Brigham Young, UCLA, Texas Tech, Kansas, 
Iowa State, California, Texas A&amp;M</winCollection>
	<lossCollection>Missouri, Kansas State, Oklahoma State, Oklahoma, 
Baylor</lossCollection>
</teamRecord>


<teamRecord>
	<team>Texas Tech</team>
	<numWins>5</numWins>
	<numLosses>7</numLosses>
	<pageRank>33.700</pageRank>
	<bcsRank>0</bcsRank>
	<iconURL>http://a.espncdn.com/i/teamlogos/ncaa/sml/trans/2641.gif</iconURL>
	<winCollection>Kansas, New Mexico, Oklahoma, Nevada, 
Texas State</winCollection>
	<lossCollection>Missouri, Kansas State, Texas, Iowa State, 
Oklahoma State, Baylor, Texas A&amp;M</lossCollection>
</teamRecord>


<teamRecord>
	<team>Syracuse</team>
	<numWins>5</numWins>
	<numLosses>7</numLosses>
	<pageRank>33.672</pageRank>
	<bcsRank>0</bcsRank>
	<iconURL>http://a.espncdn.com/i/teamlogos/ncaa/sml/trans/183.gif</iconURL>
	<winCollection>West Virginia, Wake Forest, Toledo, Rhode Island, 
Tulane</winCollection>
	<lossCollection>Rutgers, Pittsburgh, Southern California, Louisville, 
Cincinnati, Connecticut, South Florida</lossCollection>
</teamRecord>


<teamRecord>
	<team>Mississippi State</team>
	<numWins>7</numWins>
	<numLosses>6</numLosses>
	<pageRank>33.593</pageRank>
	<bcsRank>0</bcsRank>
	<iconURL>http://a.espncdn.com/i/teamlogos/ncaa/sml/trans/344.gif</iconURL>
	<winCollection>Tennessee-Martin, Louisiana Tech, Wake Forest, Kentucky, 
Memphis, Alabama-Birmingham, Ole Miss</winCollection>
	<lossCollection>South Carolina, Louisiana State, Alabama, Georgia, 
Arkansas, Auburn</lossCollection>
</teamRecord>


<teamRecord>
	<team>Florida</team>
	<numWins>6</numWins>
	<numLosses>6</numLosses>
	<pageRank>33.549</pageRank>
	<bcsRank>0</bcsRank>
	<iconURL>http://a.espncdn.com/i/teamlogos/ncaa/sml/trans/57.gif</iconURL>
	<winCollection>Tennessee, Kentucky, Furman, Ohio State, 
Vanderbilt, Alabama-Birmingham</winCollection>
	<lossCollection>South Carolina, Louisiana State, Florida State, Alabama, 
Georgia, Auburn</lossCollection>
</teamRecord>


<teamRecord>
	<team>Tennessee</team>
	<numWins>5</numWins>
	<numLosses>7</numLosses>
	<pageRank>33.473</pageRank>
	<bcsRank>0</bcsRank>
	<iconURL>http://a.espncdn.com/i/teamlogos/ncaa/sml/trans/2633.gif</iconURL>
	<winCollection>Middle Tennessee State, Montana, Vanderbilt, Buffalo, 
Cincinnati</winCollection>
	<lossCollection>South Carolina, Louisiana State, Kentucky, Florida, 
Alabama, Georgia, Arkansas</lossCollection>
</teamRecord>


<teamRecord>
	<team>Utah State</team>
	<numWins>7</numWins>
	<numLosses>5</numLosses>
	<pageRank>33.412</pageRank>
	<bcsRank>0</bcsRank>
	<iconURL>http://a.espncdn.com/i/teamlogos/ncaa/sml/trans/328.gif</iconURL>
	<winCollection>Wyoming, Weber State, Idaho, Nevada, 
Hawaii, New Mexico State, San Jose State</winCollection>
	<lossCollection>Brigham Young, Fresno State, Louisiana Tech, Ohio, 
Colorado State</lossCollection>
</teamRecord>


<teamRecord>
	<team>Miami (Florida)</team>
	<numWins>5</numWins>
	<numLosses>5</numLosses>
	<pageRank>33.387</pageRank>
	<bcsRank>0</bcsRank>
	<iconURL>http://a.espncdn.com/i/teamlogos/ncaa/sml/trans/2390.gif</iconURL>
	<winCollection>North Carolina, Ohio State, Georgia Tech, South Florida, 
Bethune-Cookman</winCollection>
	<lossCollection>Kansas State, Virginia, Virginia Tech, Florida State, 
Boston College</lossCollection>
</teamRecord>


<teamRecord>
	<team>San Diego State</team>
	<numWins>8</numWins>
	<numLosses>5</numLosses>
	<pageRank>33.350</pageRank>
	<bcsRank>0</bcsRank>
	<iconURL>http://a.espncdn.com/i/teamlogos/ncaa/sml/trans/21.gif</iconURL>
	<winCollection>Fresno State, Army, Washington State, New Mexico, 
Air Force, UNLV, Colorado State, Cal Poly
</winCollection>
	<lossCollection>Wyoming, Michigan, Boise State, Texas Christian, 
Louizin-Lafayette</lossCollection>
</teamRecord>


<teamRecord>
	<team>Vanderbilt</team>
	<numWins>6</numWins>
	<numLosses>7</numLosses>
	<pageRank>33.333</pageRank>
	<bcsRank>0</bcsRank>
	<iconURL>http://a.espncdn.com/i/teamlogos/ncaa/sml/trans/238.gif</iconURL>
	<winCollection>Elon, Army, Wake Forest, Kentucky, 
Connecticut, Ole Miss</winCollection>
	<lossCollection>Tennessee, South Carolina, Florida, Cincinnati, 
Georgia, Alabama, Arkansas</lossCollection>
</teamRecord>


<teamRecord>
	<team>Louisiana-Lafayette</team>
	<numWins>8</numWins>
	<numLosses>3</numLosses>
	<pageRank>33.273</pageRank>
	<bcsRank>0</bcsRank>
	<iconURL>http://a.espncdn.com/i/teamlogos/ncaa/sml/trans/309.gif</iconURL>
	<winCollection>Middle Tennessee State, Florida International, Louisiana-Monroe, Florida Atlantic, 
Nicholls State, Troy, Kent, North Texas
</winCollection>
	<lossCollection>Western Kentucky, Arizona, Arkansas State</lossCollection>
</teamRecord>


<teamRecord>
	<team>Wake Forest</team>
	<numWins>6</numWins>
	<numLosses>7</numLosses>
	<pageRank>33.232</pageRank>
	<bcsRank>0</bcsRank>
	<iconURL>http://a.espncdn.com/i/teamlogos/ncaa/sml/trans/154.gif</iconURL>
	<winCollection>Duke, Maryland, North Carolina State, Boston College, 
Florida State, Gardner-Webb</winCollection>
	<lossCollection>Mississippi State, North Carolina, Clemson, Virginia Tech, 
Vanderbilt, Notre Dame, Syracuse</lossCollection>
</teamRecord>


<teamRecord>
	<team>Arizona</team>
	<numWins>4</numWins>
	<numLosses>8</numLosses>
	<pageRank>33.127</pageRank>
	<bcsRank>0</bcsRank>
	<iconURL>http://a.espncdn.com/i/teamlogos/ncaa/sml/trans/12.gif</iconURL>
	<winCollection>Arizona State, UCLA, Louisiana-Lafayette, Northern Arizona
</winCollection>
	<lossCollection>Oregon State, Stanford, Oregon, Oklahoma State, 
Southern California, Washington, Utah, Colorado
</lossCollection>
</teamRecord>


<teamRecord>
	<team>Washington</team>
	<numWins>7</numWins>
	<numLosses>6</numLosses>
	<pageRank>33.016</pageRank>
	<bcsRank>0</bcsRank>
	<iconURL>http://a.espncdn.com/i/teamlogos/ncaa/sml/trans/264.gif</iconURL>
	<winCollection>Washington State, Arizona, Hawaii, Eastern Washington, 
California, Utah, Colorado</winCollection>
	<lossCollection>Oregon State, Oregon, Stanford, Nebraska, 
Southern California, Baylor</lossCollection>
</teamRecord>


<teamRecord>
	<team>Kent</team>
	<numWins>5</numWins>
	<numLosses>6</numLosses>
	<pageRank>32.935</pageRank>
	<bcsRank>0</bcsRank>
	<iconURL>http://a.espncdn.com/i/teamlogos/ncaa/sml/trans/2309.gif</iconURL>
	<winCollection>Bowling Green State, Eastern Michigan, South Alabama, Akron, 
Central Michigan</winCollection>
	<lossCollection>Temple, Louisiana-Lafayette, Kansas State, Northern Illinois, 
Miami (Ohio), Ohio</lossCollection>
</teamRecord>


<teamRecord>
	<team>Western Kentucky</team>
	<numWins>7</numWins>
	<numLosses>5</numLosses>
	<pageRank>32.924</pageRank>
	<bcsRank>0</bcsRank>
	<iconURL>http://a.espncdn.com/i/teamlogos/ncaa/sml/trans/98.gif</iconURL>
	<winCollection>Middle Tennessee State, Louisiana-Lafayette, Florida International, Louisiana-Monroe, 
Florida Atlantic, Troy, North Texas</winCollection>
	<lossCollection>Indiana State, Louisiana State, Kentucky, Navy, 
Arkansas State</lossCollection>
</teamRecord>


<teamRecord>
	<team>Ohio State</team>
	<numWins>5</numWins>
	<numLosses>7</numLosses>
	<pageRank>32.867</pageRank>
	<bcsRank>0</bcsRank>
	<iconURL>http://a.espncdn.com/i/teamlogos/ncaa/sml/trans/194.gif</iconURL>
	<winCollection>Illinois, Indiana, Toledo, Wisconsin, 
Colorado</winCollection>
	<lossCollection>Miami (Florida), Michigan, Nebraska, Michigan State, 
Purdue, Florida, Penn State</lossCollection>
</teamRecord>


<teamRecord>
	<team>Kentucky</team>
	<numWins>5</numWins>
	<numLosses>7</numLosses>
	<pageRank>32.794</pageRank>
	<bcsRank>0</bcsRank>
	<iconURL>http://a.espncdn.com/i/teamlogos/ncaa/sml/trans/96.gif</iconURL>
	<winCollection>Tennessee, Western Kentucky, Jacksonville State, Central Michigan, 
Ole Miss</winCollection>
	<lossCollection>Mississippi State, South Carolina, Louisiana State, Florida, 
Louisville, Vanderbilt, Georgia</lossCollection>
</teamRecord>


<teamRecord>
	<team>Fresno State</team>
	<numWins>4</numWins>
	<numLosses>8</numLosses>
	<pageRank>32.727</pageRank>
	<bcsRank>0</bcsRank>
	<iconURL>http://a.espncdn.com/i/teamlogos/ncaa/sml/trans/278.gif</iconURL>
	<winCollection>North Dakota, Idaho, Utah State, Hawaii
</winCollection>
	<lossCollection>Louisiana Tech, Boise State, Nebraska, San Diego State, 
Nevada, New Mexico State, San Jose State, Ole Miss
</lossCollection>
</teamRecord>


<teamRecord>
	<team>Western Michigan</team>
	<numWins>7</numWins>
	<numLosses>5</numLosses>
	<pageRank>32.689</pageRank>
	<bcsRank>0</bcsRank>
	<iconURL>http://a.espncdn.com/i/teamlogos/ncaa/sml/trans/2711.gif</iconURL>
	<winCollection>Bowling Green State, Ball State, Nicholls State, Miami (Ohio), 
Connecticut, Akron, Central Michigan</winCollection>
	<lossCollection>Illinois, Northern Illinois, Eastern Michigan, Toledo, 
Purdue</lossCollection>
</teamRecord>


<teamRecord>
	<team>Texas A&amp;M</team>
	<numWins>6</numWins>
	<numLosses>6</numLosses>
	<pageRank>32.652</pageRank>
	<bcsRank>0</bcsRank>
	<iconURL>http://a.espncdn.com/i/teamlogos/ncaa/sml/trans/245.gif</iconURL>
	<winCollection>Northwestern, Idaho, Kansas, Texas Tech, 
Iowa State, Baylor</winCollection>
	<lossCollection>Missouri, Kansas State, Texas, Oklahoma State, 
Oklahoma, Arkansas</lossCollection>
</teamRecord>


<teamRecord>
	<team>California</team>
	<numWins>6</numWins>
	<numLosses>6</numLosses>
	<pageRank>32.642</pageRank>
	<bcsRank>0</bcsRank>
	<iconURL>http://a.espncdn.com/i/teamlogos/ncaa/sml/trans/25.gif</iconURL>
	<winCollection>Oregon State, Arizona State, Washington State, Presbyterian, 
Utah, Colorado</winCollection>
	<lossCollection>UCLA, Texas, Stanford, Oregon, 
Southern California, Washington</lossCollection>
</teamRecord>


<teamRecord>
	<team>Boston College</team>
	<numWins>4</numWins>
	<numLosses>7</numLosses>
	<pageRank>32.538</pageRank>
	<bcsRank>0</bcsRank>
	<iconURL>http://a.espncdn.com/i/teamlogos/ncaa/sml/trans/103.gif</iconURL>
	<winCollection>Miami (Florida), Maryland, North Carolina State, Massachusetts
</winCollection>
	<lossCollection>Central Florida, Duke, Wake Forest, Clemson, 
Virginia Tech, Florida State, Notre Dame</lossCollection>
</teamRecord>


<teamRecord>
	<team>Purdue</team>
	<numWins>6</numWins>
	<numLosses>6</numLosses>
	<pageRank>32.486</pageRank>
	<bcsRank>0</bcsRank>
	<iconURL>http://a.espncdn.com/i/teamlogos/ncaa/sml/trans/2509.gif</iconURL>
	<winCollection>Illinois, Minnesota, Southeast Missouri State, Indiana, 
Western Michigan, Ohio State</winCollection>
	<lossCollection>Iowa, Michigan, Penn State, Rice, 
Notre Dame, Wisconsin</lossCollection>
</teamRecord>


<teamRecord>
	<team>South Florida</team>
	<numWins>4</numWins>
	<numLosses>7</numLosses>
	<pageRank>32.354</pageRank>
	<bcsRank>0</bcsRank>
	<iconURL>http://a.espncdn.com/i/teamlogos/ncaa/sml/trans/58.gif</iconURL>
	<winCollection>Texas-El Paso, Ball State, Florida A&amp;M, Syracuse
</winCollection>
	<lossCollection>Miami (Florida), Rutgers, West Virginia, Pittsburgh, 
Louisville, Cincinnati, Connecticut</lossCollection>
</teamRecord>


<teamRecord>
	<team>Maryland</team>
	<numWins>1</numWins>
	<numLosses>10</numLosses>
	<pageRank>32.332</pageRank>
	<bcsRank>0</bcsRank>
	<iconURL>http://a.espncdn.com/i/teamlogos/ncaa/sml/trans/120.gif</iconURL>
	<winCollection>Towson</winCollection>
	<lossCollection>Temple, West Virginia, Wake Forest, Virginia, 
North Carolina State, Clemson, Boston College, Florida State, 
Georgia Tech, Notre Dame</lossCollection>
</teamRecord>


<teamRecord>
	<team>Illinois</team>
	<numWins>6</numWins>
	<numLosses>6</numLosses>
	<pageRank>32.215</pageRank>
	<bcsRank>0</bcsRank>
	<iconURL>http://a.espncdn.com/i/teamlogos/ncaa/sml/trans/356.gif</iconURL>
	<winCollection>Northwestern, Arizona State, UCLA, South Dakota State, 
Indiana, Western Michigan</winCollection>
	<lossCollection>Michigan, Minnesota, Ohio State, Purdue, 
Penn State, Wisconsin</lossCollection>
</teamRecord>


<teamRecord>
	<team>Connecticut</team>
	<numWins>5</numWins>
	<numLosses>7</numLosses>
	<pageRank>32.010</pageRank>
	<bcsRank>0</bcsRank>
	<iconURL>http://a.espncdn.com/i/teamlogos/ncaa/sml/trans/41.gif</iconURL>
	<winCollection>Rutgers, Fordham, Buffalo, South Florida, 
Syracuse</winCollection>
	<lossCollection>West Virginia, Western Michigan, Iowa State, Pittsburgh, 
Louisville, Cincinnati, Vanderbilt</lossCollection>
</teamRecord>


<teamRecord>
	<team>Nevada</team>
	<numWins>7</numWins>
	<numLosses>6</numLosses>
	<pageRank>31.939</pageRank>
	<bcsRank>0</bcsRank>
	<iconURL>http://a.espncdn.com/i/teamlogos/ncaa/sml/trans/2440.gif</iconURL>
	<winCollection>Fresno State, Idaho, New Mexico, Hawaii, 
Nevada-Las Vegas, New Mexico State, San Jose State</winCollection>
	<lossCollection>Louisiana Tech, Boise State, Texas Tech, Oregon, 
Utah State, Southern Mississippiissippi</lossCollection>
</teamRecord>


<teamRecord>
	<team>Hawaii</team>
	<numWins>5</numWins>
	<numLosses>7</numLosses>
	<pageRank>31.939</pageRank>
	<bcsRank>0</bcsRank>
	<iconURL>http://a.espncdn.com/i/teamlogos/ncaa/sml/trans/62.gif</iconURL>
	<winCollection>Louisiana Tech, Idaho, UC Davis, New Mexico State, 
Tulane</winCollection>
	<lossCollection>Brigham Young, Fresno State, Utah State, Nevada, 
Nevada-Las Vegas, Washington, San Jose State</lossCollection>
</teamRecord>


<teamRecord>
	<team>Northwestern</team>
	<numWins>5</numWins>
	<numLosses>7</numLosses>
	<pageRank>31.698</pageRank>
	<bcsRank>0</bcsRank>
	<iconURL>http://a.espncdn.com/i/teamlogos/ncaa/sml/trans/77.gif</iconURL>
	<winCollection>Minnesota, Nebraska, Indiana, Eastern Illinois, 
Rice</winCollection>
	<lossCollection>Iowa, Army, Michigan, Illinois, 
Michigan State, Penn State, Texas A&amp;M</lossCollection>
</teamRecord>


<teamRecord>
	<team>Central Michigan</team>
	<numWins>3</numWins>
	<numLosses>9</numLosses>
	<pageRank>31.540</pageRank>
	<bcsRank>0</bcsRank>
	<iconURL>http://a.espncdn.com/i/teamlogos/ncaa/sml/trans/2117.gif</iconURL>
	<winCollection>South Carolina State, Northern Illinois, Akron</winCollection>
	<lossCollection>Western Michigan, Ball State, Michigan State, Kentucky, 
North Carolina State, Eastern Michigan, Toledo, Kent, 
Ohio</lossCollection>
</teamRecord>


<teamRecord>
	<team>UCLA</team>
	<numWins>6</numWins>
	<numLosses>7</numLosses>
	<pageRank>31.472</pageRank>
	<bcsRank>0</bcsRank>
	<iconURL>http://a.espncdn.com/i/teamlogos/ncaa/sml/trans/26.gif</iconURL>
	<winCollection>Oregon State, Arizona State, Washington State, California, 
San Jose State, Colorado</winCollection>
	<lossCollection>Illinois, Texas, Stanford, Oregon, 
Arizona, Southern California, Utah</lossCollection>
</teamRecord>


<teamRecord>
	<team>Ball State</team>
	<numWins>5</numWins>
	<numLosses>6</numLosses>
	<pageRank>31.452</pageRank>
	<bcsRank>0</bcsRank>
	<iconURL>http://a.espncdn.com/i/teamlogos/ncaa/sml/trans/2050.gif</iconURL>
	<winCollection>Army, Eastern Michigan, Buffalo, Ohio, 
Central Michigan</winCollection>
	<lossCollection>Temple, Northern Illinois, Western Michigan, Oklahoma, 
Toledo, South Florida</lossCollection>
</teamRecord>


<teamRecord>
	<team>Florida International</team>
	<numWins>7</numWins>
	<numLosses>5</numLosses>
	<pageRank>31.418</pageRank>
	<bcsRank>0</bcsRank>
	<iconURL>http://a.espncdn.com/i/teamlogos/ncaa/sml/trans/2229.gif</iconURL>
	<winCollection>Middle Tennessee State, Central Florida, Florida Atlantic, Louisiana-Monroe, 
Troy, North Texas, Akron</winCollection>
	<lossCollection>Western Kentucky, Duke, Louisiana-Lafayette, Arkansas State, 
Marshall</lossCollection>
</teamRecord>


<teamRecord>
	<team>Idaho</team>
	<numWins>2</numWins>
	<numLosses>10</numLosses>
	<pageRank>31.336</pageRank>
	<bcsRank>0</bcsRank>
	<iconURL>http://a.espncdn.com/i/teamlogos/ncaa/sml/trans/70.gif</iconURL>
	<winCollection>North Dakota, San Jose State</winCollection>
	<lossCollection>Brigham Young, Fresno State, Bowling Green State, Louisiana Tech, 
Utah State, Virginia, Nevada, Hawaii, 
New Mexico State, Texas A&amp;M</lossCollection>
</teamRecord>


<teamRecord>
	<team>Central Florida</team>
	<numWins>5</numWins>
	<numLosses>7</numLosses>
	<pageRank>31.324</pageRank>
	<bcsRank>0</bcsRank>
	<iconURL>http://a.espncdn.com/i/teamlogos/ncaa/sml/trans/2116.gif</iconURL>
	<winCollection>Texas-El Paso, Charleston Southern, Boston College, Memphis, 
Marshall</winCollection>
	<lossCollection>Brigham Young, Southern Methodist, Florida International, East Carolina, 
Alabama-Birmingham, Southern Mississippi, Tulsa</lossCollection>
</teamRecord>


<teamRecord>
	<team>Texas-El Paso</team>
	<numWins>5</numWins>
	<numLosses>7</numLosses>
	<pageRank>31.205</pageRank>
	<bcsRank>0</bcsRank>
	<iconURL>http://a.espncdn.com/i/teamlogos/ncaa/sml/trans/2638.gif</iconURL>
	<winCollection>Stony Brook, East Carolina, New Mexico State, Tulane, 
Colorado State</winCollection>
	<lossCollection>Houston, Central Florida, Southern Methodist, Southern Mississippi, 
South Florida, Rice, Tulsa</lossCollection>
</teamRecord>


<teamRecord>
	<team>Washington State</team>
	<numWins>4</numWins>
	<numLosses>8</numLosses>
	<pageRank>30.900</pageRank>
	<bcsRank>0</bcsRank>
	<iconURL>http://a.espncdn.com/i/teamlogos/ncaa/sml/trans/265.gif</iconURL>
	<winCollection>Idaho State, Arizona State, Nevada-Las Vegas, Colorado
</winCollection>
	<lossCollection>UCLA, Oregon State, Oregon, Stanford, 
San Diego State, Washington, California, Utah
</lossCollection>
</teamRecord>


<teamRecord>
	<team>Buffalo</team>
	<numWins>3</numWins>
	<numLosses>8</numLosses>
	<pageRank>30.768</pageRank>
	<bcsRank>0</bcsRank>
	<iconURL>http://a.espncdn.com/i/teamlogos/ncaa/sml/trans/2084.gif</iconURL>
	<winCollection>Stony Brook, Ohio, Akron</winCollection>
	<lossCollection>Tennessee, Temple, Bowling Green State, Northern Illinois, 
Ball State, Eastern Michigan, Miami (Ohio), Connecticut
</lossCollection>
</teamRecord>


<teamRecord>
	<team>San Jose State</team>
	<numWins>5</numWins>
	<numLosses>6</numLosses>
	<pageRank>30.635</pageRank>
	<bcsRank>0</bcsRank>
	<iconURL>http://a.espncdn.com/i/teamlogos/ncaa/sml/trans/21.gif</iconURL>
	<winCollection>Fresno State, Navy, Hawaii, New Mexico State, 
Colorado State</winCollection>
	<lossCollection>Brigham Young, Idaho, Louisiana Tech, UCLA, 
Utah State, Nevada</lossCollection>
</teamRecord>


<teamRecord>
	<team>East Carolina</team>
	<numWins>5</numWins>
	<numLosses>6</numLosses>
	<pageRank>30.542</pageRank>
	<bcsRank>0</bcsRank>
	<iconURL>http://a.espncdn.com/i/teamlogos/ncaa/sml/trans/151.gif</iconURL>
	<winCollection>Central Florida, Navy, Memphis, Tulane, 
Alabama-Birmingham</winCollection>
	<lossCollection>Houston, Texas-El Paso, North Carolina, Virginia Tech, 
Southern Mississippi, Marshall</lossCollection>
</teamRecord>


<teamRecord>
	<team>Ole Miss</team>
	<numWins>2</numWins>
	<numLosses>9</numLosses>
	<pageRank>30.412</pageRank>
	<bcsRank>0</bcsRank>
	<iconURL>IMAGES/helmet.jpg</iconURL>
	<winCollection>Fresno State, Southern Illinois</winCollection>
	<lossCollection>Mississippi State, Louisiana Tech, Louisiana State, Kentucky, 
Vanderbilt, Georgia, Alabama, Arkansas, 
Auburn</lossCollection>
</teamRecord>


<teamRecord>
	<team>Memphis</team>
	<numWins>2</numWins>
	<numLosses>10</numLosses>
	<pageRank>30.217</pageRank>
	<bcsRank>0</bcsRank>
	<iconURL>http://a.espncdn.com/i/teamlogos/ncaa/sml/trans/235.gif</iconURL>
	<winCollection>Austin Peay, Tulane</winCollection>
	<lossCollection>Mississippi State, Middle Tennessee State, Central Florida, Southern Methodist, 
East Carolina, Arkansas State, Alabama-Birmingham, Southern Mississippi, 
Rice, Marshall</lossCollection>
</teamRecord>


<teamRecord>
	<team>North Texas</team>
	<numWins>5</numWins>
	<numLosses>7</numLosses>
	<pageRank>30.110</pageRank>
	<bcsRank>0</bcsRank>
	<iconURL>http://a.espncdn.com/i/teamlogos/ncaa/sml/trans/249.gif</iconURL>
	<winCollection>Middle Tennessee State, Indiana, Louisiana-Monroe, Florida Atlantic, 
Troy</winCollection>
	<lossCollection>Houston, Western Kentucky, Louisiana-Lafayette, Florida International, 
Arkansas State, Alabama, Tulsa</lossCollection>
</teamRecord>


<teamRecord>
	<team>Louisiana-Monroe</team>
	<numWins>4</numWins>
	<numLosses>7</numLosses>
	<pageRank>30.101</pageRank>
	<bcsRank>0</bcsRank>
	<iconURL>http://a.espncdn.com/i/teamlogos/ncaa/sml/trans/2433.gif</iconURL>
	<winCollection>Middle Tennessee State, Florida Atlantic, Troy, Grambling State
</winCollection>
	<lossCollection>Iowa, Western Kentucky, Louisiana-Lafayette, Texas Christian, 
Florida International, Arkansas State, North Texas</lossCollection>
</teamRecord>


<teamRecord>
	<team>Minnesota</team>
	<numWins>3</numWins>
	<numLosses>8</numLosses>
	<pageRank>30.094</pageRank>
	<bcsRank>0</bcsRank>
	<iconURL>http://a.espncdn.com/i/teamlogos/ncaa/sml/trans/135.gif</iconURL>
	<winCollection>Iowa, Illinois, Miami (Ohio)</winCollection>
	<lossCollection>Northwestern, Michigan, Nebraska, Michigan State, 
Purdue, New Mexico State, Wisconsin, North Dakota State
</lossCollection>
</teamRecord>


<teamRecord>
	<team>Miami (Ohio)</team>
	<numWins>4</numWins>
	<numLosses>6</numLosses>
	<pageRank>29.948</pageRank>
	<bcsRank>0</bcsRank>
	<iconURL>http://a.espncdn.com/i/teamlogos/ncaa/sml/trans/193.gif</iconURL>
	<winCollection>Army, Kent, Buffalo, Akron
</winCollection>
	<lossCollection>Temple, Minnesota, Western Michigan, Toledo, 
Cincinnati, Ohio</lossCollection>
</teamRecord>


<teamRecord>
	<team>Rice</team>
	<numWins>4</numWins>
	<numLosses>7</numLosses>
	<pageRank>29.896</pageRank>
	<bcsRank>0</bcsRank>
	<iconURL>http://a.espncdn.com/i/teamlogos/ncaa/sml/trans/242.gif</iconURL>
	<winCollection>Texas-El Paso, Purdue, Tulane, Memphis
</winCollection>
	<lossCollection>Houston, Northwestern, Southern Methodist, Baylor, 
Southern Mississippi, Marshall, Tulsa</lossCollection>
</teamRecord>


<teamRecord>
	<team>Colorado</team>
	<numWins>3</numWins>
	<numLosses>9</numLosses>
	<pageRank>29.839</pageRank>
	<bcsRank>0</bcsRank>
	<iconURL>http://a.espncdn.com/i/teamlogos/ncaa/sml/trans/38.gif</iconURL>
	<winCollection>Arizona, Utah, Colorado State</winCollection>
	<lossCollection>UCLA, Arizona State, Stanford, Oregon, 
Washington State, Southern California, Ohio State, Washington, 
California</lossCollection>
</teamRecord>


<teamRecord>
	<team>Army</team>
	<numWins>3</numWins>
	<numLosses>8</numLosses>
	<pageRank>29.726</pageRank>
	<bcsRank>0</bcsRank>
	<iconURL>http://a.espncdn.com/i/teamlogos/ncaa/sml/trans/349.gif</iconURL>
	<winCollection>Northwestern, Fordham, Tulane</winCollection>
	<lossCollection>Temple, Rutgers, San Diego State, Ball State, 
Navy, Air Force, Miami (Ohio), Vanderbilt
</lossCollection>
</teamRecord>


<teamRecord>
	<team>New Mexico State</team>
	<numWins>4</numWins>
	<numLosses>8</numLosses>
	<pageRank>29.635</pageRank>
	<bcsRank>0</bcsRank>
	<iconURL>http://a.espncdn.com/i/teamlogos/ncaa/sml/trans/166.gif</iconURL>
	<winCollection>Fresno State, Idaho, Minnesota, New Mexico
</winCollection>
	<lossCollection>Texas-El Paso, Brigham Young, Louisiana Tech, Utah State, 
Nevada, Hawaii, San Jose State, Georgia
</lossCollection>
</teamRecord>


<teamRecord>
	<team>Florida Atlantic</team>
	<numWins>1</numWins>
	<numLosses>10</numLosses>
	<pageRank>29.629</pageRank>
	<bcsRank>0</bcsRank>
	<iconURL>http://a.espncdn.com/i/teamlogos/ncaa/sml/trans/2226.gif</iconURL>
	<winCollection>UAB</winCollection>
	<lossCollection>Middle Tennessee State, Western Kentucky, Louisiana-Lafayette, Florida International, 
Louisiana-Monroe, Michigan State, Troy, Arkansas State, 
North Texas, Auburn</lossCollection>
</teamRecord>


<teamRecord>
	<team>Duke</team>
	<numWins>3</numWins>
	<numLosses>9</numLosses>
	<pageRank>29.602</pageRank>
	<bcsRank>0</bcsRank>
	<iconURL>http://a.espncdn.com/i/teamlogos/ncaa/sml/trans/150.gif</iconURL>
	<winCollection>Florida International, Boston College, Tulane</winCollection>
	<lossCollection>Miami (Forida), Stanford, North Carolina, Wake Forest, 
Virginia, Virginia Tech, Florida State, Georgia Tech, 
Richmond</lossCollection>
</teamRecord>


<teamRecord>
	<team>Oregon State</team>
	<numWins>3</numWins>
	<numLosses>9</numLosses>
	<pageRank>29.587</pageRank>
	<bcsRank>0</bcsRank>
	<iconURL>http://a.espncdn.com/i/teamlogos/ncaa/sml/trans/204.gif</iconURL>
	<winCollection>Washington State, Arizona, Washington</winCollection>
	<lossCollection>Brigham Young, Sacramento State, UCLA, Arizona State, 
Stanford, Oregon, California, Utah, 
Wisconsin</lossCollection>
</teamRecord>


<teamRecord>
	<team>Colorado State</team>
	<numWins>2</numWins>
	<numLosses>9</numLosses>
	<pageRank>29.391</pageRank>
	<bcsRank>0</bcsRank>
	<iconURL>http://a.espncdn.com/i/teamlogos/ncaa/sml/trans/36.gif</iconURL>
	<winCollection>Northern Colorado, Utah State</winCollection>
	<lossCollection>Wyoming, Texas-El Paso, Boise State, Texas Christian, 
San Diego State, Air Force, Nevada-Las Vegas, San Jose State, 
Colorado</lossCollection>
</teamRecord>


<teamRecord>
	<team>Tulane</team>
	<numWins>2</numWins>
	<numLosses>11</numLosses>
	<pageRank>29.361</pageRank>
	<bcsRank>0</bcsRank>
	<iconURL>http://a.espncdn.com/i/teamlogos/ncaa/sml/trans/2655.gif</iconURL>
	<winCollection>Southeastern Louisiana, Alabama-Birmingham</winCollection>
	<lossCollection>Houston, Texas-El Paso, Southern Methodist, Duke, 
Army, East Carolina, Hawaii, Memphis, 
Rice, Syracuse, Tulsa</lossCollection>
</teamRecord>


<teamRecord>
	<team>Troy</team>
	<numWins>3</numWins>
	<numLosses>8</numLosses>
	<pageRank>29.206</pageRank>
	<bcsRank>0</bcsRank>
	<iconURL>http://a.espncdn.com/i/teamlogos/ncaa/sml/trans/2653.gif</iconURL>
	<winCollection>Middle Tennessee State, Florida Atlantic, Alabama-Birmingham</winCollection>
	<lossCollection>Western Kentucky, Louisiana-Lafayette, Florida International, Louisiana-Monroe, 
Navy, Arkansas State, North Texas, Arkansas
</lossCollection>
</teamRecord>


<teamRecord>
	<team>Indiana</team>
	<numWins>1</numWins>
	<numLosses>10</numLosses>
	<pageRank>29.143</pageRank>
	<bcsRank>0</bcsRank>
	<iconURL>http://a.espncdn.com/i/teamlogos/ncaa/sml/trans/84.gif</iconURL>
	<winCollection>South Carolina State</winCollection>
	<lossCollection>Northwestern, Iowa, Illinois, Virginia, 
Michigan State, Purdue, Ohio State, North Texas, 
Penn State, Wisconsin</lossCollection>
</teamRecord>


<teamRecord>
	<team>Akron</team>
	<numWins>1</numWins>
	<numLosses>10</numLosses>
	<pageRank>28.595</pageRank>
	<bcsRank>0</bcsRank>
	<iconURL>http://a.espncdn.com/i/teamlogos/ncaa/sml/trans/2006.gif</iconURL>
	<winCollection>Virginia Military Institute</winCollection>
	<lossCollection>Temple, Florida International, Western Michigan, Eastern Michigan, 
Miami (Ohio), Cincinnati, Kent, Ohio, 
Buffalo, Central Michigan</lossCollection>
</teamRecord>


<teamRecord>
	<team>Middle Tennessee State</team>
	<numWins>2</numWins>
	<numLosses>9</numLosses>
	<pageRank>28.459</pageRank>
	<bcsRank>0</bcsRank>
	<iconURL>http://a.espncdn.com/i/teamlogos/ncaa/sml/trans/2393.gif</iconURL>
	<winCollection>Florida Atlantic, Memphis</winCollection>
	<lossCollection>Tennessee, Western Kentucky, Louisiana-Lafayette, Florida International, 
Louisiana-Monroe, Troy, Arkansas State, Georgia Tech, 
North Texas</lossCollection>
</teamRecord>


<teamRecord>
	<team>New Mexico</team>
	<numWins>1</numWins>
	<numLosses>10</numLosses>
	<pageRank>28.388</pageRank>
	<bcsRank>0</bcsRank>
	<iconURL>http://a.espncdn.com/i/teamlogos/ncaa/sml/trans/167.gif</iconURL>
	<winCollection>UNLV</winCollection>
	<lossCollection>Sam Houston State, Wyoming, Boise State, Texas Christian, 
Texas Tech, San Diego State, Nevada, Air Force, 
New Mexico State, Arkansas</lossCollection>
</teamRecord>


</TRM>